,,,,,
39026145,0 10:23:26,4814,1030,-2245.92,
39026145,1 10:19:29,6011,7010,56147.89,
39026145,1 10:20:56,4829,2330,-56147.89,
39026145,1 10:39:54,5499,1010,-1392.47,
39026145,2 15:33:42,5499,1010,-920.83,
39026145,2 15:53:49,5541,1010,-14643.37,
39026145,3 15:29:08,5499,1010,-1010.66,
39026145,4 12:11:57,5200,1010,-2829.85,
39026145,5 15:19:19,5499,1010,-628.86,
39026145,6 07:08:31,4814,1030,-5614.79,
39026145,7 14:23:17,5541,1010,-14643.37,
39026145,7 14:40:02,5499,1010,-3458.71,
39026145,8 06:49:35,5732,1010,-21897.68,
39026145,8 06:55:51,6011,2010,-4491.83,
39026145,8 07:06:10,4814,1030,-1122.96,
39026145,8 14:53:22,5499,1010,-628.86,
39026145,10 13:00:24,6010,7020,224591.58,
39026145,11 08:49:03,4814,1030,-2245.92,
39026145,11 08:50:03,6011,2010,-44918.32,
39026145,11 14:11:48,6011,2010,-4491.83,
39026145,11 14:12:08,4814,1030,-2245.92,
39026145,11 14:15:30,4814,1030,-2245.92,
39026145,13 11:17:34,4814,1030,-2245.92,
39026145,13 11:19:03,6011,2010,-145984.53,
39026145,13 14:06:46,6011,2010,-898366.31,
39026145,13 14:09:00,4829,2330,-22459.16,
39026145,14 14:29:40,5541,1010,-4873.64,
39026145,14 14:30:20,5541,1010,-14643.37,
39026145,15 00:00:00,5331,1110,-6288.56,
39026145,15 00:00:00,5331,1110,-1122.96,
39026145,15 00:00:00,5331,1110,-22683.75,
39026145,15 00:00:00,5331,1110,-1010.66,
39026145,15 04:05:40,5732,1010,-17630.44,
39026145,16 04:27:37,5541,1010,-43391.09,
39026145,16 06:46:43,5200,1010,-2807.39,
39026145,18 07:39:05,4814,1030,-2245.92,
39026145,18 09:56:23,5331,1010,-9769.73,
39026145,18 10:05:01,5541,1010,-3660.84,
39026145,19 13:24:35,4814,1030,-449.18,
39026145,19 13:25:31,4814,1030,-1122.96,
39026145,21 12:09:42,5912,1010,-741.15,
39026145,22 05:47:06,4814,1030,-2245.92,
39026145,23 12:02:29,6011,7010,22459.16,
39026145,23 12:49:27,4814,1030,-1122.96,
39026145,23 16:56:44,5541,1010,-14778.13,
39026145,24 00:00:00,5331,1110,-449.18,
39026145,24 00:00:00,5331,1110,-3368.87,
39026145,26 00:00:00,5499,1110,-2919.69,
39026145,26 00:00:00,5411,1110,-561.48,
39026145,26 00:00:00,5499,1110,-4491.83,
39026145,27 00:00:00,5499,1110,-1010.66,
39026145,27 13:06:24,5499,1010,-1392.47,
39026145,27 13:09:21,5499,1010,-4357.08,
39026145,27 13:09:21,5499,1010,-471.64,
39026145,27 14:46:55,5499,1010,-4087.57,
39026145,27 15:41:56,5541,1010,-14778.13,
39026145,28 05:26:32,5912,1010,-12044.85,
39026145,28 05:33:53,5912,1010,-15267.74,
39026145,28 06:52:43,5499,1010,-1617.06,
39026145,28 10:16:23,6011,2010,-44918.32,
39026145,29 11:29:57,4814,1030,-1122.96,
39026145,32 16:16:19,5499,1010,-4238.04,
39026145,32 16:41:33,5499,1010,-1909.03,
39026145,33 10:06:45,4814,1030,-2245.92,
39026145,33 12:13:11,5499,1010,-6378.4,
39026145,33 12:14:55,5499,1010,-44.92,
39026145,35 16:05:29,4814,1030,-1122.96,
39026145,37 11:36:27,6011,7010,22459.16,
39026145,37 11:38:38,4814,1030,-3368.87,
39026145,37 11:41:24,6011,2010,-15721.41,
39026145,37 18:30:11,4814,1030,-1122.96,
39026145,38 05:45:37,6010,7020,96574.38,
39026145,38 15:26:57,4814,1030,-2245.92,
39026145,39 06:58:52,5499,1010,-2021.32,
39026145,40 14:56:51,4814,1030,-965.74,
39026145,42 09:37:04,6011,7010,22459.16,
39026145,42 09:39:55,6011,2010,-11229.58,
39026145,43 06:27:60,5499,1010,-1100.5,
39026145,44 08:01:20,4814,1030,-1122.96,
39026145,45 12:35:01,6011,2010,-188656.92,
39026145,47 07:25:56,5541,1010,-15227.31,
39026145,47 09:08:38,4814,1030,-1122.96,
39026145,48 00:00:00,5331,1110,-4154.94,
39026145,48 00:00:00,5331,1110,-1122.96,
39026145,48 08:30:29,5912,1010,-15990.92,
39026145,48 08:36:13,5331,1010,-2975.84,
39026145,48 16:53:05,5499,1010,-4132.49,
39026145,49 00:00:00,5331,1110,-136372.01,
39026145,49 05:10:47,6011,2010,-179673.26,
39026145,49 13:48:02,6011,7010,44918.32,
39026145,50 00:00:00,5331,1110,-17181.26,
39026145,50 00:00:00,5499,1110,-18191.92,
39026145,50 09:19:53,5541,1010,-15227.31,
39026145,51 14:16:51,5499,1010,-696.23,
39026145,51 14:38:55,5499,1010,-1617.06,
39026145,51 19:03:43,4814,1030,-2245.92,
39026145,52 00:00:00,5499,1110,-6295.3,
39026145,52 00:00:00,5499,1110,-1167.88,
39026145,52 00:00:00,5331,1110,-36046.95,
39026145,52 09:11:46,6011,2010,-33688.74,
39026145,53 11:00:53,5499,1010,-1033.12,
39026145,53 11:12:04,6011,2010,-89836.63,
39026145,53 14:25:54,4814,1030,-1122.96,
39026145,56 13:19:50,6011,2010,-112295.79,
39026145,56 13:35:10,5499,1010,-1122.96,
39026145,56 18:17:08,4814,1030,-1122.96,
39026145,57 07:25:10,6011,2010,-89836.63,
39026145,59 16:08:17,5499,1010,-2829.85,
39026145,60 00:00:00,5499,1110,-673.77,
39026145,60 06:27:17,5499,1010,-1841.65,
39026145,60 16:27:19,5541,1010,-11420.48,
39026145,60 16:28:17,5541,1010,-2560.34,
39026145,60 16:28:51,5541,1010,-718.69,
39026145,61 00:00:00,5499,1110,-696.23,
39026145,61 00:00:00,5331,1110,-3144.28,
39026145,61 08:18:31,5499,1010,-1122.96,
39026145,61 08:40:03,5912,1010,-4425.8,
39026145,61 11:07:36,5200,1010,-494.1,
39026145,61 15:52:14,5499,1010,-2784.94,
39026145,63 09:21:28,6011,2010,-67377.47,
39026145,64 13:35:12,4814,1030,-4491.83,
39026145,73 13:20:08,6010,7020,101066.21,
39026145,79 17:47:45,6011,2010,-11229.58,
39026145,79 17:48:25,6011,2010,-33688.74,
39026145,79 17:51:11,6011,2010,-11229.58,
39026145,80 09:53:43,5499,1010,-1190.34,
39026145,80 10:48:12,5499,1010,-673.77,
39026145,80 14:18:55,5499,1010,-6355.94,
39026145,80 16:10:02,6011,2010,-44918.32,
39026145,81 07:33:39,4814,1030,-2245.92,
39026145,85 13:27:22,6011,2010,-31442.82,
39026145,89 05:15:50,5499,1010,-4357.08,
39026145,89 05:20:34,5499,1010,-7366.6,
39026145,89 05:35:39,4814,1030,-13475.49,
39026145,89 05:36:31,6011,2010,-44918.32,
39026145,89 13:57:48,5541,1010,-11656.3,
39026145,89 13:58:46,5541,1010,-606.4,
39026145,90 09:26:26,5499,1010,-1796.73,
39026145,90 14:45:45,5499,1010,-7467.67,
39026145,90 14:49:53,5499,1010,-2650.18,
39026145,91 00:00:00,5499,1110,-1302.63,
39026145,91 12:58:24,6011,2010,-20213.24,
39026145,91 13:18:32,5499,1010,-2335.75,
39026145,92 07:20:05,6011,2010,-20213.24,
39026145,92 08:17:19,6011,2010,-89836.63,
39026145,92 13:28:08,4814,1030,-1122.96,
39026145,95 10:37:14,6011,2010,-4491.83,
39026145,95 10:38:41,6011,2010,-33688.74,
39026145,97 08:30:03,4814,1030,-449.18,
39026145,97 08:31:17,4814,1030,-583.94,
39026145,97 10:12:50,6011,2010,-29196.91,
39026145,97 12:34:57,6011,7010,22459.16,
39026145,97 13:51:22,4814,1030,-1122.96,
39026145,97 13:52:34,4814,1030,-3368.87,
39026145,97 17:36:14,5499,1010,-6737.75,
39026145,98 00:00:00,5499,1110,-606.4,
39026145,98 00:00:00,5499,1110,-1886.57,
39026145,98 07:16:19,5499,1010,-7995.46,
39026145,99 10:56:41,5499,1010,-471.64,
39026145,99 10:57:51,5499,1010,-359.35,
39026145,99 12:50:11,6011,7010,2245.92,
39026145,99 12:51:08,6011,7010,3368.87,
39026145,99 12:52:50,4814,1030,-3368.87,
39026145,99 15:42:41,5499,1010,-1796.73,
39026145,100 00:00:00,5499,1110,-1257.71,
39026145,100 06:54:06,5499,1010,-426.72,
39026145,100 15:53:34,6011,7010,22459.16,
39026145,100 17:45:53,5499,1010,-5480.03,
39026145,101 12:09:13,5499,1010,-8264.97,
39026145,101 12:10:44,5499,1010,-1212.79,
39026145,101 12:31:14,5912,1010,-763.61,
39026145,101 12:45:17,5499,1010,-1347.55,
39026145,101 13:13:59,5499,1010,-3818.06,
39026145,102 00:00:00,5499,1110,-5053.31,
39026145,102 00:00:00,5499,1110,-651.32,
39026145,102 06:16:59,6010,7020,224591.58,
39026145,102 08:13:36,6011,7010,22459.16,
39026145,102 14:02:33,5499,1010,-2717.56,
39026145,103 00:00:00,5499,1110,-2268.37,
39026145,103 00:00:00,5499,1110,-2762.48,
39026145,103 03:53:27,5541,1010,-15721.41,
39026145,103 03:54:45,5541,1010,-606.4,
39026145,103 11:22:28,5912,1010,-1796.73,
39026145,103 12:19:54,5499,1010,-2043.78,
39026145,104 06:09:18,4814,1030,-2245.92,
39026145,104 07:13:36,5499,1010,-2313.29,
39026145,104 11:47:15,5912,1010,-2171.8,
39026145,104 12:10:20,5912,1010,-5734.27,
39026145,104 12:14:54,5499,1010,-943.28,
39026145,104 17:37:39,4814,1030,-6737.75,
39026145,104 17:44:44,4814,1030,-3368.87,
39026145,105 07:05:49,5499,1010,-1145.42,
39026145,105 07:06:58,5499,1010,-1482.3,
39026145,105 08:00:45,5499,1010,-1504.76,
39026145,105 10:40:12,5912,1010,-4069.6,
39026145,105 11:58:39,5912,1010,-3059.39,
39026145,106 04:00:13,5499,1010,-1392.47,
39026145,106 04:26:12,6011,2010,-15721.41,
39026145,106 04:43:41,5541,1010,-15721.41,
39026145,107 08:27:17,5499,1010,-2358.21,
39026145,107 10:46:26,6011,2010,-33688.74,
39026145,107 16:53:09,5499,1010,-3997.73,
39026145,109 07:14:42,5499,1010,-4536.75,
39026145,109 11:21:41,5912,1010,-8808.48,
39026145,109 14:14:50,5812,1010,-2762.48,
39026145,109 14:55:28,5499,1010,-1661.98,
39026145,110 06:17:41,4814,1030,-1122.96,
39026145,113 10:39:43,6011,2010,-4491.83,
39026145,115 13:29:06,5499,1010,-1122.96,
39026145,118 08:28:09,4829,2330,-112295.79,
39026145,118 12:21:11,5912,1010,-1774.27,
39026145,119 04:24:55,6011,2010,-74115.22,
39026145,120 15:51:29,5499,1010,-1841.65,
39026145,120 15:54:02,5499,1010,-1998.87,
39026145,121 13:33:13,5499,1010,-4828.72,
39026145,121 15:46:12,5499,1010,-4222.32,
39026145,121 15:48:46,5499,1010,-1796.73,
39026145,121 16:42:14,4814,1030,-336.89,
39026145,121 16:44:35,4814,1030,-561.48,
39026145,122 05:47:24,5912,1010,-2201,
39026145,122 12:22:07,5912,1010,-808.53,
39026145,123 07:16:60,5499,1010,-4379.54,
39026145,123 12:10:37,5912,1010,-763.61,
39026145,123 12:15:43,6011,2010,-22459.16,
39026145,123 12:26:22,5499,1010,-6973.57,
39026145,123 13:06:01,5499,1010,-1796.73,
39026145,123 13:39:43,5499,1010,-696.23,
39026145,124 00:00:00,5499,1110,-494.1,
39026145,124 05:32:17,5541,1010,-3930.35,
39026145,125 13:21:47,4814,1030,-1122.96,
39026145,128 09:03:24,4814,1030,-4491.83,
39026145,129 14:02:37,5499,1010,-3952.81,
39026145,130 00:00:00,6012,6110,112295.79,
39026145,132 13:24:60,6010,7020,112295.79,
39026145,133 13:14:52,6011,2010,-449183.15,
39026145,134 09:46:50,5200,1010,-3144.28,
39026145,134 09:53:18,5499,1010,-2358.21,
39026145,134 09:55:31,5499,1010,-772.6,
39026145,134 10:02:35,5499,1010,-8781.53,
39026145,134 10:28:55,5499,1010,-4941.01,
39026145,134 12:35:53,5541,1010,-15721.41,
39026145,134 14:54:24,5499,1010,-2201,
39026145,134 14:54:33,5499,1010,-269.51,
39026145,134 15:48:00,4814,1030,-2245.92,
39026145,135 13:25:51,5499,1010,-4087.57,
39026145,135 14:37:03,5499,1010,-1583.37,
39026145,135 14:38:47,5499,1010,-1347.55,
39026145,135 16:21:32,6011,2010,-6737.75,
39026145,136 00:00:00,5411,1110,-3818.06,
39026145,136 14:30:12,5499,1010,-3144.28,
39026145,137 08:24:03,6011,2010,-202132.42,
39026145,138 03:41:17,4814,1030,-2245.92,
39026145,139 08:24:14,6011,2010,-44918.32,
39026145,139 13:48:48,5499,1010,-2987.07,
39026145,139 13:56:12,5499,1010,-2560.34,
39026145,140 00:00:00,5499,1110,-3773.14,
39026145,140 00:00:00,5499,1110,-606.4,
39026145,140 00:00:00,5499,1110,-4626.59,
39026145,140 00:00:00,5499,1110,-3458.71,
39026145,140 12:49:54,5912,1010,-1832.44,
39026145,140 15:19:48,5541,1010,-11791.06,
39026145,140 15:56:43,5499,1010,-1347.55,
39026145,141 15:54:22,5499,1010,-1572.14,
39026145,142 17:17:15,4814,1030,-1122.96,
39026145,143 14:24:11,5499,1010,-4363.81,
39026145,143 14:30:03,5812,1010,-4772.57,
39026145,144 13:40:46,5499,1010,-4985.93,
39026145,144 13:48:19,5499,1010,-2245.92,
39026145,145 06:44:09,5912,1010,-13408.12,
39026145,145 06:50:25,6011,2010,-56147.89,
39026145,145 13:41:13,5541,1010,-11689.99,
39026145,146 16:36:39,4814,1030,-2245.92,
39026145,146 16:44:55,4814,1030,-2245.92,
39026145,147 07:12:23,5812,1010,-5423.89,
39026145,147 08:51:22,4814,1030,-2245.92,
39026145,148 08:54:57,6011,2010,-44918.32,
39026145,148 12:47:55,6011,2010,-11229.58,
39026145,148 13:25:07,6011,2010,-1122.96,
39026145,149 15:13:56,5499,1010,-5884.3,
39026145,150 00:00:00,5499,1110,-13992.06,
39026145,150 12:17:55,5499,1010,-15339.6,
39026145,150 12:39:15,6011,2010,-11229.58,
39026145,150 12:47:21,5331,1010,-8534.48,
39026145,150 14:37:03,5541,1010,-15586.66,
39026145,150 15:28:53,5499,1010,-6131.35,
39026145,150 15:29:24,5499,1010,-2133.62,
39026145,151 10:51:18,6011,2010,-78607.05,
39026145,152 00:00:00,6012,6110,202132.42,
39026145,152 14:20:18,5499,1010,-8624.32,
39026145,153 12:14:26,5541,1010,-15586.66,
39026145,154 00:00:00,5499,1110,-2695.1,
39026145,154 00:00:00,5499,1110,-1257.71,
39026145,154 11:02:60,5499,1010,-3593.47,
39026145,154 15:35:50,5499,1010,-1167.88,
39026145,154 15:43:17,6011,2010,-404264.84,
39026145,155 11:23:05,5499,1010,-3413.79,
39026145,155 11:32:16,4814,1030,-2245.92,
39026145,155 15:42:43,5499,1010,-2807.39,
39026145,156 16:15:39,5499,1010,-2695.1,
39026145,157 00:00:00,5331,1110,-7186.93,
39026145,157 10:21:38,5912,1010,-13664.15,
39026145,157 10:29:59,5812,1010,-2695.1,
39026145,157 11:55:60,5499,1010,-3357.64,
39026145,157 14:39:58,5499,1010,-2448.05,
39026145,158 10:30:51,6011,2010,-11229.58,
39026145,159 12:31:49,4814,1030,-3256.58,
39026145,159 12:32:13,6011,7010,2245.92,
39026145,159 12:33:33,4814,1030,-2245.92,
39026145,171 11:43:22,6011,2010,-6737.75,
39026145,171 11:44:24,4814,1030,-2245.92,
39026145,176 00:00:00,5331,1110,-43795.36,
39026145,176 09:31:50,6011,7014,67377.47,
39026145,178 00:00:00,5331,1110,-11004.99,
39026145,178 00:00:00,5331,6110,449.18,
39026145,178 12:12:36,5912,1010,-4828.72,
39026145,178 14:27:29,5499,1010,-4289.7,
39026145,178 14:30:52,5499,1010,-1347.55,
39026145,180 07:07:13,5499,1010,-1302.63,
39026145,182 06:59:28,5499,1010,-516.56,
39026145,186 12:42:33,5912,1010,-8422.18,
39026145,186 12:48:15,5541,1010,-15362.06,
39026145,186 12:48:53,5541,1010,-3436.25,
39026145,186 13:01:15,5499,1010,-6153.81,
39026145,186 13:02:00,5499,1010,-1549.68,
39026145,186 13:05:43,5499,1010,-808.53,
39026145,186 15:29:07,5499,1010,-7000.52,
39026145,187 03:40:50,4814,1030,-2245.92,
39026145,187 03:41:12,6011,2010,-56147.89,
39026145,187 14:36:30,5499,1010,-2650.18,
39026145,187 15:23:47,5499,1010,-1953.95,
39026145,187 15:26:59,5499,1010,-1235.25,
39026145,187 15:38:16,5812,1010,-1976.41,
39026145,188 07:11:41,5912,1010,-7433.98,
39026145,189 07:14:37,5499,1010,-2347.43,
39026145,190 00:00:00,6012,6110,22459.16,
39026145,190 00:00:00,6012,6110,202132.42,
39026145,190 10:34:59,5499,1010,-2380.67,
39026145,190 10:51:10,4814,1030,-4491.83,
39026145,190 11:53:16,5499,1010,-9780.96,
39026145,191 12:50:05,5499,1010,-1886.57,
39026145,191 12:51:09,5499,1010,-1190.34,
39026145,191 13:36:33,5541,1010,-15137.47,
39026145,191 13:40:08,5499,1010,-539.02,
39026145,191 16:27:14,5499,1010,-6670.37,
39026145,192 00:00:00,5499,1110,-3256.58,
39026145,192 00:00:00,5499,1110,-4042.65,
39026145,192 04:49:02,5912,1010,-2919.69,
39026145,192 11:22:35,4814,1030,-2245.92,
39026145,193 07:10:43,6011,2010,-44918.32,
39026145,193 13:56:01,5499,1010,-1370.01,
39026145,193 14:01:16,5499,1010,-943.28,
39026145,194 00:00:00,5499,1110,-5794.46,
39026145,194 12:38:19,6011,2010,-44918.32,
39026145,196 04:09:35,5541,1010,-11353.1,
39026145,196 14:14:48,5499,1010,-1953.95,
39026145,197 14:32:38,5499,1010,-3031.99,
39026145,198 13:35:59,5499,1010,-5816.92,
39026145,199 12:15:44,5912,1010,-2077.47,
39026145,199 14:45:41,5499,1010,-8512.02,
39026145,199 14:47:15,5499,1010,-1639.52,
39026145,199 15:54:16,5499,1010,-3110.59,
39026145,200 00:00:00,5499,1110,-8309.89,
39026145,200 10:53:22,6011,2010,-402018.92,
39026145,200 10:54:02,4814,1030,-4491.83,
39026145,202 11:44:46,5499,1010,-21807.84,
39026145,203 06:48:07,5541,1010,-15743.87,
39026145,204 04:40:11,6011,2010,-67377.47,
39026145,204 10:44:25,5331,1010,-263401,
39026145,205 00:00:00,5499,1110,-1010.66,
39026145,205 00:00:00,5499,1110,-7119.55,
39026145,205 00:00:00,5499,1110,-5693.4,
39026145,205 13:07:45,5331,1010,-1549.68,
39026145,206 00:00:00,5499,1110,-8733.92,
39026145,206 08:23:57,5499,1010,-2066.24,
39026145,206 12:14:48,5200,1010,-2358.21,
39026145,206 14:19:30,4814,1030,-2245.92,
39026145,207 08:18:30,6011,2010,-20213.24,
39026145,208 14:18:12,5499,1010,-7254.31,453799
39026145,208 14:24:23,5499,1010,-1392.47,453306
39026145,209 15:09:16,5499,1010,-2852.31,453306
39026145,209 15:13:51,5499,1010,-853.45,58435
39026145,209 15:13:17,5499,1010,-1410.44,58435
39026145,210 00:00:00,5499,1110,-5277.9,J139819
39026145,210 06:55:10,4814,1030,-2245.92,888997
39026145,210 12:20:10,5499,1010,-1931.49,453306
39026145,210 12:23:52,5499,1010,-4267.24,453306
39026145,210 12:24:46,5499,1010,-1639.52,453306
39026145,210 13:35:12,5541,1010,-15047.64,615049
39026145,211 09:25:15,6011,2010,-44918.32,96886
39026145,213 07:11:44,5499,1010,-3099.36,453799
39026145,213 11:25:21,5912,1010,-3256.58,454251
39026145,213 12:24:48,5499,1010,-8085.3,10060600
39026145,213 15:33:39,5812,1010,-3413.79,733909
39026145,214 12:12:53,6011,2010,-26950.99,90084
39026145,214 13:38:09,5499,1010,-4896.1,453799
39026145,214 17:14:37,4814,1030,-2245.92,888996
39026145,215 00:00:00,5499,1110,-14014.51,J139821
39026145,215 00:00:00,5499,1110,-2695.1,J139821
39026145,215 06:54:48,6011,2010,-15721.41,431498
39026145,215 13:14:37,5499,1010,-1684.44,10070026
39026145,215 13:37:12,5812,1010,-3818.06,733909
39026145,215 14:00:54,5499,1010,-2695.1,453306
39026145,216 00:00:00,5499,1110,-1617.06,J139821
39026145,216 00:00:00,5499,1110,-23919,J141524
39026145,216 00:00:00,5499,1110,-10892.69,J141524
39026145,216 08:26:30,5541,1010,-15047.64,615049
39026145,216 14:41:47,5499,1010,-2369.44,453306
39026145,216 14:53:28,5499,1010,-6378.4,453799
39026145,217 00:00:00,6012,6110,112295.79,386438
39026145,217 15:46:53,5499,1010,-10679.33,58435
39026145,217 16:56:41,4814,1030,-2245.92,888996
39026145,218 00:00:00,4814,1100,-3368.87,20368535
39026145,219 14:55:47,5499,1010,-2919.69,453799
39026145,221 13:15:52,5541,1010,-15047.64,615049
39026145,221 14:31:57,6011,7010,33688.74,84144
39026145,222 12:08:02,5499,1010,-1684.44,10255558
39026145,222 12:42:24,5912,1010,-1471.07,627054
39026145,226 09:25:56,4814,1030,-1122.96,90084
39026145,227 14:22:52,5499,1010,-808.53,453306
39026145,227 14:29:54,5499,1010,-2919.69,58435
39026145,228 00:00:00,5331,1110,-898.37,J140239
39026145,228 00:00:00,5331,1110,-673.77,J140239
39026145,228 08:35:55,6011,2010,-359346.52,90084
39026145,228 08:36:54,4814,1030,-3368.87,90084
39026145,228 11:30:11,5912,1010,-8282.94,454251
39026145,228 14:24:06,5812,1010,-5659.71,733909
39026145,228 14:35:48,5499,1010,-7209.39,453306
39026145,228 14:59:31,5499,1010,-2919.69,58435
39026145,229 00:00:00,5499,1110,-5985.37,J139821
39026145,229 00:00:00,5499,1110,-10623.18,J139819
39026145,229 04:05:21,5912,1010,-8085.3,454251
39026145,229 04:13:20,5912,1010,-6944.37,96947
39026145,229 07:07:55,5499,1010,-6041.51,58435
39026145,229 15:42:29,5499,1010,-3705.76,453799
39026145,230 00:00:00,6012,6110,112295.79,383053
39026145,230 11:29:22,6011,2010,-56147.89,84144
39026145,230 11:47:58,5541,1010,-830.99,615049
39026145,230 11:47:44,5541,1010,-15047.64,615049
39026145,230 15:01:51,5499,1010,-2672.64,453799
39026145,231 11:54:34,5912,1010,-6085.31,96947
39026145,231 12:06:25,5499,1010,-6630.84,453799
39026145,232 00:00:00,5499,1110,-4289.7,J139821
39026145,232 10:27:40,5912,1010,-8358.4,96947
39026145,232 12:42:41,6011,2010,-112295.79,84144
39026145,232 12:44:02,4814,1030,-2245.92,84144
39026145,233 00:00:00,5499,1110,-1122.96,J145389
39026145,233 06:55:10,5499,1010,-2470.51,10279297
39026145,233 06:57:07,5499,1010,-830.99,10279297
39026145,233 10:30:53,5499,1010,-943.28,10279297
39026145,233 11:07:17,5499,1010,-3571.01,10279297
39026145,233 11:28:37,5499,1010,-7995.46,10276611
39026145,233 11:29:54,5499,1010,-808.53,10276611
39026145,234 07:06:05,5499,1010,-5590.53,453799
39026145,234 14:33:28,5499,1010,-2133.62,10279297
39026145,234 15:27:57,5499,1010,-516.56,287866
39026145,234 15:35:46,5499,1010,-1909.03,224013
39026145,235 09:03:58,5732,1010,-16844.37,10008432
39026145,235 14:10:53,5541,1010,-15047.64,615049
39026145,235 14:16:18,5499,1010,-2784.94,10276611
39026145,235 14:17:22,5499,1010,-2582.8,10276611
39026145,235 15:42:52,5499,1010,-2526.66,222707
39026145,235 15:43:03,5499,1010,-583.94,222707
39026145,237 12:33:11,4814,1030,-2245.92,90084
39026145,238 11:14:03,5912,1010,-4188.63,454251
39026145,239 07:08:59,6011,2010,-101066.21,90084
39026145,239 12:21:30,4814,1030,-3818.06,84144
39026145,240 04:43:35,5541,1010,-15047.64,615049
39026145,240 08:03:24,5499,1010,-10016.78,58435
39026145,240 08:19:54,5499,1010,-41998.62,10279297
39026145,242 10:10:24,5912,1010,-5704.63,767638
39026145,242 10:11:24,5912,1010,-1167.88,96931
39026145,242 10:12:01,5912,1010,-5929.22,55416
39026145,242 11:18:43,6011,2010,-202132.42,90011
39026145,242 15:49:03,6011,2010,-561478.94,84144
39026145,242 15:51:15,6011,2010,-224591.58,84144
39026145,242 15:52:26,6011,2010,-112295.79,84144
39026145,243 08:55:33,4814,1030,-2245.92,888995
39026145,243 14:03:33,5499,1010,-2223.46,58435
39026145,244 13:35:14,5499,1010,-6659.14,10279297
39026145,245 10:38:45,5499,1010,-2919.69,10279297
39026145,249 00:00:00,6012,6110,224591.58,386438
39026145,249 09:06:31,6011,2010,-15721.41,84144
39026145,250 06:05:51,6011,2010,-314428.21,84144
39026145,265 09:24:03,6011,2010,-157214.1,90122
39026145,270 10:09:51,6011,2010,-89836.63,436422
39026145,272 09:13:58,4814,1030,-1122.96,90084
39026145,272 09:15:38,6011,2010,-8983.66,90084
39026145,272 09:26:37,5499,1010,-6423.32,10060600
39026145,272 12:53:11,5499,1010,-6445.78,10279297
39026145,272 12:54:11,5499,1010,-943.28,10279297
39026145,272 13:52:09,4814,1030,-2245.92,90084
39026145,272 13:53:57,4814,1030,-2245.92,90084
39026145,273 00:00:00,5499,1110,-7523.82,J141524
39026145,273 00:00:00,5499,1110,-808.53,J139821
39026145,273 00:00:00,5499,1110,-2987.07,J139821
39026145,273 09:31:19,5499,1010,-13947.14,10279297
39026145,274 00:00:00,5331,1110,-2695.1,J140239
39026145,274 09:16:09,5200,1010,-7748.41,710479
39026145,274 13:07:14,6011,2010,-17967.33,90084
39026145,275 09:55:60,5499,1010,-1617.06,10279297
39026145,275 09:58:60,5499,1010,-539.02,10279297
39026145,275 17:32:10,5541,1010,-15047.64,615049
39026145,276 00:00:00,5331,1110,-10331.21,J145385
39026145,276 00:00:00,5499,1110,-6108.89,J139821
39026145,276 00:00:00,5499,1110,-449.18,J141523
39026145,276 00:00:00,5499,1110,-9100.45,J141587
39026145,276 00:00:00,5499,1110,-898.37,J141523
39026145,276 08:10:21,5499,1010,-6670.37,10279297
39026145,276 09:48:12,5499,1010,-2470.51,10173193
39026145,276 11:00:25,4814,1030,-2245.92,84144
39026145,276 15:28:03,5499,1010,-1228.52,10173164
39026145,277 00:00:00,5499,1110,-1527.22,J139821
39026145,277 00:00:00,5499,1110,-2358.21,J141587
39026145,277 00:00:00,5499,1110,-1549.68,J139821
39026145,277 12:31:23,5200,1010,-11903.35,831037
39026145,277 12:34:17,5200,1010,-7299.23,831037
39026145,277 13:03:33,5499,1010,-7973,10279297
39026145,278 06:31:38,4814,1030,-2245.92,475477
39026145,280 09:10:01,4814,1030,-4491.83,456065
39026145,280 13:13:03,6011,2010,-22459.16,90121
39026145,280 14:36:09,5499,1010,-9545.14,10255558
39026145,280 14:45:44,5541,1010,-15047.64,615049
39026145,281 15:55:03,4814,1030,-3368.87,84144
39026145,282 00:00:00,6012,6110,202132.42,386438
39026145,282 07:05:00,6011,2010,-15721.41,90011
39026145,282 12:57:49,4814,1030,-2066.24,873118
39026145,283 00:00:00,5499,1110,-3997.73,J139821
39026145,283 00:00:00,5499,1110,-2470.51,J145389
39026145,283 07:54:27,5719,1010,-5232.98,552916
39026145,283 10:25:09,5331,1010,-9882.03,10121131
39026145,283 10:30:38,5331,1010,-864.68,10121131
39026145,283 13:55:46,4814,1030,-2245.92,940579
39026145,283 13:58:51,4814,1030,-2245.92,940318
39026145,283 14:01:19,4814,1030,-2245.92,940576
39026145,284 06:57:12,5499,1010,-943.28,222707
39026145,284 07:26:01,5331,1010,-1931.49,10121131
39026145,284 07:35:01,6011,2010,-22459.16,90121
39026145,285 00:00:00,5411,1110,-2470.51,77075660
39026145,285 00:00:00,5331,1110,-7186.93,J140239
39026145,285 00:00:00,5331,1110,-17293.55,J140239
39026145,285 08:39:28,5732,1010,-8579.4,10008432
39026145,285 08:57:13,5499,1010,-3874.2,10060600
39026145,285 09:07:23,5499,1010,-2066.24,10279297
39026145,285 09:37:25,5200,1010,-2515.43,710479
39026145,285 12:39:07,5499,1010,-673.77,58435
39026145,285 12:42:27,5499,1010,-875.91,10279297
39026145,285 17:09:22,5541,1010,-15047.64,615049
39026145,285 17:10:06,5541,1010,-43772.9,615049
39026145,285 17:23:19,6011,2010,-22459.16,90084
39026145,285 17:24:01,4814,1030,-2245.92,90084
39026145,285 18:29:00,4814,1030,-6737.75,940591
39026145,286 00:00:00,5499,1110,-2223.46,J139821
39026145,286 00:00:00,5411,1110,-449.18,77075660
39026145,286 00:00:00,5499,1110,-5951.68,J141587
39026145,286 00:00:00,5499,1110,-2245.92,J141587
39026145,286 09:42:10,5499,1010,-2335.75,58435
39026145,286 10:00:56,6010,2020,-22459.16,15894
39026145,286 10:29:02,5732,1010,-20797.18,10008432
39026145,286 10:31:01,5732,1010,-4491.83,10008432
39026145,287 06:07:27,4814,1030,-3368.87,940584
39026145,287 06:10:24,4814,1030,-10376.13,888997
39026145,287 08:46:08,5719,1010,-1167.88,552916
39026145,287 16:47:35,4829,2330,-22459.16,90084
39026145,289 06:20:54,5499,1010,-7052.18,453799
39026145,289 08:21:46,5499,1010,-8220.05,10279297
39026145,289 10:59:29,4814,1030,-7860.71,888984
39026145,290 00:00:00,5499,1110,-2845.58,J145391
39026145,290 00:00:00,5499,1110,-2784.94,J139821
39026145,290 15:05:59,5499,1010,-3941.58,10279297
39026145,290 15:09:49,5499,1010,-965.74,58435
39026145,291 00:00:00,5499,1110,-2897.23,J139819
39026145,291 04:04:42,5499,1010,-808.53,10279297
39026145,291 04:04:39,5499,1010,-1033.12,10279297
39026145,291 04:20:19,5912,1010,-6311.02,404668
39026145,291 14:08:53,5499,1010,-1280.17,58435
39026145,291 16:18:13,4814,1030,-2245.92,90084
39026145,291 16:19:10,6011,2010,-4491.83,90084
39026145,292 00:00:00,5912,1110,-7084.97,J085274
39026145,292 10:36:37,5812,1010,-1549.68,205950
39026145,292 12:28:10,5499,1010,-11207.12,98676
39026145,293 09:21:46,6011,2010,-112295.79,90084
39026145,293 16:39:14,4814,1030,-2245.92,90084
39026145,294 05:28:35,5541,1010,-11285.73,615049
39026145,294 05:29:59,5541,1010,-1055.58,615049
39026145,296 12:15:50,6011,2010,-20213.24,84144
39026145,297 00:00:00,5411,1110,-4424.45,29231029
39026145,297 01:24:45,4814,1030,-2245.92,888994
39026145,297 11:53:29,5912,1010,-12509.75,10038879
39026145,297 12:59:03,6011,2010,-20213.24,785311
39026145,297 17:49:03,5541,1010,-15047.64,615049
39026145,299 00:00:00,5499,1110,-5884.3,J139821
39026145,300 16:01:15,6011,2010,-11229.58,90084
39026145,301 03:41:38,6011,2010,-56147.89,84144
39026145,301 03:58:37,5541,1010,-15047.64,615049
39026145,301 11:35:53,5499,1010,-696.23,10279297
39026145,301 11:36:52,5499,1010,-1055.58,10279297
39026145,301 12:41:41,5912,1010,-1325.09,96947
39026145,302 00:00:00,5331,1110,-2021.32,J145385
39026145,302 00:00:00,5331,1110,-7860.71,J145385
39026145,302 00:00:00,5331,1110,-561.48,J145385
39026145,302 00:00:00,5331,1110,-3593.47,J140237
39026145,302 05:48:22,5499,1010,-696.23,10279297
39026145,304 00:00:00,5499,1110,-4941.01,J139821
39026145,305 00:00:00,5499,1110,-4401.99,J139821
39026145,306 12:00:25,5499,1010,-3076.9,10279297
39026145,306 12:02:54,5499,1010,-1122.96,10279297
39026145,307 00:00:00,5499,1110,-1010.66,J139821
39026145,307 00:00:00,5499,1110,-516.56,J139821
39026145,309 00:00:00,6012,6110,112295.79,383053
39026145,317 16:34:37,4814,1030,-2245.92,90084
39026145,319 12:11:11,5499,1010,-6063.97,10279297
39026145,320 05:18:36,5499,1010,-1482.3,453799
39026145,320 12:22:58,5499,1010,-3862.98,10276611
39026145,321 11:24:39,4814,1030,-2245.92,431498
39026145,322 11:48:54,5499,1010,-1909.03,10279297
39026145,323 00:00:00,5499,1110,-1684.44,J141587
39026145,323 00:00:00,5331,1110,-54351.16,J140237
39026145,323 00:00:00,5499,1110,-2695.1,J141523
39026145,323 00:00:00,5331,1110,-1684.44,J140239
39026145,323 00:00:00,5331,1110,-51206.88,J140237
39026145,323 00:00:00,5331,1110,-898.37,J140237
39026145,323 08:30:57,6011,7010,56147.89,90121
39026145,323 08:41:56,5912,1010,-2829.85,404668
39026145,323 12:46:17,5499,1010,-3211.66,10279297
39026145,323 14:38:52,5499,1010,-1078.04,10279297
39026145,323 20:25:50,5541,1010,-15227.31,615049
39026145,324 07:52:24,5499,1010,-3256.58,10276611
39026145,324 07:57:53,5912,1010,-336.89,96947
39026145,324 12:41:22,5812,1010,-2717.56,733909
39026145,324 12:42:46,5812,1010,-1504.76,733909
39026145,324 15:58:10,5331,1010,-4379.54,359101
39026145,324 16:03:08,4814,1030,-2245.92,90084
39026145,325 05:25:47,5499,1010,-1302.63,453799
39026145,325 05:54:16,6011,2010,-11229.58,431498
39026145,325 07:00:10,5499,1010,-4379.54,10279297
39026145,325 12:08:43,5812,1010,-1864.11,733909
39026145,325 12:32:12,5499,1010,-1684.44,10276611
39026145,326 00:00:00,6012,6110,112295.79,386438
39026145,326 07:05:40,4814,1030,-2245.92,888926
39026145,326 12:14:43,6011,2010,-20213.24,10022753
39026145,326 12:37:30,5912,1010,-17899.95,846677
39026145,327 13:37:26,5499,1010,-2448.05,10276611
39026145,328 08:01:28,6011,2010,-33688.74,431498
39026145,329 11:39:25,5499,1010,-2448.05,10279297
39026145,330 00:00:00,5541,1110,-15317.15,33334186
39026145,330 07:47:43,6011,7010,35934.65,84144
39026145,330 07:55:34,4814,1030,-2245.92,84144
39026145,330 07:56:23,4814,1030,-2245.92,84144
39026145,330 08:24:03,5499,1010,-1392.47,10279297
39026145,330 08:31:24,5499,1010,-4851.18,10060600
39026145,330 14:46:47,5499,1010,-1392.47,10279297
39026145,330 14:47:23,5499,1010,-404.26,10279297
39026145,331 12:23:01,5499,1010,-3436.25,10279297
39026145,331 13:49:04,6011,2010,-13475.49,90084
39026145,331 13:50:58,4814,1030,-2245.92,90084
39026145,331 15:18:18,5499,1010,-2313.29,453799
39026145,332 11:26:40,6011,2010,-67377.47,431498
39026145,332 12:10:40,5499,1010,-5592.33,10279297
39026145,332 16:49:03,5499,1010,-4446.91,224013
39026145,333 07:05:26,4814,1030,-5614.79,90084
39026145,333 11:45:26,5499,1010,-1796.73,10279297
39026145,334 00:00:00,5541,1110,-15406.98,33334186
39026145,335 00:00:00,5331,1110,-86018.57,J140237
39026145,335 12:03:03,5499,1010,-3189.2,10173186
39026145,336 00:00:00,5331,1110,-18079.62,J140237
39026145,337 07:27:23,6011,7010,22459.16,90011
39026145,337 07:28:58,4814,1030,-2245.92,90011
39026145,337 08:24:46,6011,2010,-10106.62,893518
39026145,338 08:56:50,5499,1010,-7332.91,10279297
39026145,339 09:50:17,4814,1030,-2245.92,888924
39026145,341 11:28:56,5200,1010,-336.89,710479
39026145,342 00:00:00,6012,6110,224591.58,386438
39026145,343 00:00:00,5331,1110,-12127.95,J140237
39026145,343 11:22:05,5541,1010,-15631.57,615049
39026145,344 00:00:00,5331,1110,-13026.31,J140237
39026145,344 00:00:00,5331,1110,-9769.73,J140237
39026145,344 00:00:00,5499,1110,-1435.14,J139819
39026145,344 06:49:24,5499,1010,-13823.61,10279297
39026145,344 09:39:22,5499,1010,-1639.52,58435
39026145,344 12:03:02,5331,1010,-2133.62,500966
39026145,344 13:40:03,5499,1010,-2358.21,10279297
39026145,344 15:23:41,5812,1010,-2638.95,733909
39026145,345 08:17:00,5499,1010,-3099.36,10279297
39026145,345 08:18:44,5499,1010,-269.51,10279297
39026145,345 15:00:22,5812,1010,-628.86,733909
39026145,347 00:00:00,5331,1110,-17630.44,J140237
39026145,347 00:00:00,5331,1110,-17967.33,J140237
39026145,347 00:00:00,5331,1110,-179.67,J145385
39026145,347 00:00:00,5499,1110,-1852.88,J145391
39026145,347 07:21:37,5499,1010,-1572.14,58435
39026145,347 11:21:45,5912,1010,-7007.26,404668
39026145,347 11:26:48,6011,7010,157214.1,90084
39026145,347 12:32:44,5331,1010,-1684.44,500966
39026145,347 12:33:58,5331,1010,-1347.55,500966
39026145,347 13:02:46,4814,1030,-4491.83,888920
39026145,347 13:08:12,4829,2370,-22459.16,945013
39026145,347 14:44:19,5499,1010,-6176.27,10279297
39026145,348 00:00:00,5499,1110,-2133.62,J139821
39026145,348 00:00:00,5499,1110,-2088.7,J139821
39026145,348 10:29:42,6011,7010,67377.47,10079699
39026145,348 10:53:28,4829,2330,-33688.74,10079700
39026145,348 14:12:33,5499,1010,-920.83,10255558
39026145,348 18:43:43,5541,1010,-15766.33,615049
39026145,348 18:44:24,5541,1010,-2066.24,615049
39026145,349 00:00:00,5499,1110,-8646.78,J139821
39026145,349 00:00:00,5331,1110,-3368.87,J140237
39026145,349 12:35:51,5499,1010,-6153.81,453799
39026145,349 13:25:40,4814,1030,-2245.92,888925
39026145,349 15:42:60,4814,1030,-3368.87,90084
39026145,349 15:43:16,4814,1030,-3368.87,90084
39026145,349 15:44:03,6011,2010,-224591.58,90084
39026145,350 00:00:00,5499,1110,-2740.02,J139819
39026145,350 00:00:00,5331,1110,-449.18,J140237
39026145,350 00:00:00,5499,1110,-4671.5,J139821
39026145,350 11:49:46,5912,1010,-1010.66,454251
39026145,350 11:59:52,5499,1010,-7523.82,10048613
39026145,350 12:08:32,5499,1010,-2380.67,10279297
39026145,350 12:10:24,5499,1010,-1549.68,10279297
39026145,350 14:16:60,4814,1030,-2245.92,888929
39026145,351 08:15:01,5499,1010,-3211.66,453799
39026145,351 09:53:48,6011,2010,-224591.58,90084
39026145,351 10:00:33,5912,1010,-1940.92,96947
39026145,351 11:42:08,5499,1010,-7849.48,10279297
39026145,352 00:00:00,5499,1110,-4401.99,J139821
39026145,352 04:58:22,4829,2330,-44918.32,84144
39026145,352 05:13:30,5499,1010,-1617.06,58435
39026145,352 06:49:32,4814,1030,-1122.96,888995
39026145,352 07:03:36,4829,2370,-67377.47,945023
39026145,352 09:43:44,5499,1010,-5816.92,10279297
39026145,353 00:00:00,5499,1110,-5884.3,J139821
39026145,353 00:00:00,5499,1110,-9320.55,J139821
39026145,353 00:00:00,5499,1110,-3915.98,J141587
39026145,353 11:27:44,6011,2010,-10106.62,84144
39026145,353 15:23:05,5499,1010,-12801.72,10173186
39026145,354 07:01:42,5541,1010,-15856.17,615049
39026145,354 09:05:48,4814,1030,-2245.92,888995
39026145,355 00:00:00,5331,1110,-5839.38,J140237
39026145,355 17:08:28,4814,1030,-2245.92,888985
39026145,356 15:48:04,6010,7070,67377.47,888988
39026145,356 17:34:15,4814,1030,-1122.96,888921
39026145,358 00:00:00,5499,1110,-3885.43,J139821
39026145,358 00:00:00,5499,1110,-898.37,J141523
39026145,358 00:00:00,5331,1110,-22683.75,J140237
39026145,358 04:12:17,4814,1030,-3368.87,84144
39026145,358 07:41:15,5499,1010,-10623.18,453799
39026145,358 07:46:59,5499,1010,-3234.12,58435
39026145,358 15:24:46,5499,1010,-3526.09,58435
39026145,358 15:24:25,5499,1010,-1235.25,58435
39026145,359 03:32:01,5541,1010,-15856.17,615049
39026145,359 03:33:40,5541,1010,-763.61,615049
39026145,359 04:47:18,5499,1010,-6951.11,10279297
39026145,359 06:01:30,6011,2010,-44918.32,90121
39026145,359 09:16:56,5499,1010,-988.2,10279297
39026145,359 09:17:42,5499,1010,-786.07,10279297
39026145,360 00:00:00,5331,1110,-15946,J140237
39026145,360 07:21:41,5499,1010,-4289.7,58435
39026145,360 11:08:38,5499,1010,-1392.47,10279297
39026145,360 11:21:02,6011,2010,-32565.78,90121
39026145,360 15:59:38,5499,1010,-4693.96,58435
39026145,361 00:00:00,5499,1110,-9309.32,J145389
39026145,361 07:08:44,6011,2010,-11229.58,90121
39026145,362 00:00:00,5331,1110,-6063.97,J140237
39026145,362 00:00:00,5499,1110,-6850.04,J139821
39026145,363 00:00:00,5722,1110,-119033.54,J140241
39026145,363 00:00:00,5331,1110,-15047.64,J140237
39026145,363 00:00:00,5499,1110,-4222.32,J139821
39026145,363 00:00:00,5499,1110,-2672.64,J158268
39026145,363 07:42:47,6011,2010,-21336.2,84144
39026145,363 11:17:58,6011,2010,-74115.22,84144
39026145,363 11:39:43,4814,1030,-2245.92,90121
39026145,364 00:00:00,5499,1110,-2560.34,J145389
39026145,365 00:00:00,5331,1110,-41324.85,J140237
39026145,365 04:22:14,4829,2330,-33688.74,90121
39026145,365 04:28:45,5812,1010,-3907.89,733909
39026145,365 04:30:59,5812,1010,-1549.68,733909
39026145,365 04:51:47,5541,1010,-15990.92,615049
39026145,365 04:52:11,5541,1010,-898.37,615049
39026145,365 05:38:57,5499,1010,-1078.04,10279297
39026145,365 05:39:13,5499,1010,-2627.72,10279297
39026145,365 06:53:24,5499,1010,-786.07,10279297
39026145,365 06:54:43,5499,1010,-5951.68,10279297
39026145,365 09:02:50,5912,1010,-2290.83,404668
39026145,365 11:54:54,5499,1010,-27287.88,453799
39026145,366 03:59:03,5499,1010,-2627.72,10279297
39026145,367 11:48:52,5499,1010,-1100.5,58435
39026145,367 13:03:13,5499,1010,-1033.12,10279297
39026145,367 13:15:17,5541,1010,-11993.19,615049
39026145,367 15:23:26,5499,1010,-2290.83,453799
39026145,368 00:00:00,5499,1110,-2330.14,J139819
39026145,368 00:00:00,5499,1110,-2650.18,J139821
39026145,368 07:13:41,5812,1010,-3009.53,733909
39026145,368 11:52:38,5912,1010,-3065.68,454251
39026145,368 12:17:19,5499,1010,-2594.03,10279297
39026145,369 00:00:00,5331,1110,-1572.14,J140237
39026145,369 00:00:00,5499,1110,-1280.17,J141523
39026145,369 00:00:00,5499,1110,-449.18,J141523
39026145,369 00:00:00,5331,1110,-1796.73,J140237
39026145,369 07:33:43,5331,1010,-12678.19,500966
39026145,369 11:36:14,4814,1030,-2245.92,888994
39026145,369 11:53:57,5331,1010,-3031.99,500966
39026145,369 15:37:59,6011,2010,-40426.48,90121
39026145,370 00:00:00,5331,1110,-19764.06,J140237
39026145,370 06:50:54,5912,1010,-12127.95,454251
39026145,370 06:57:49,5331,1010,-5390.2,500966
39026145,370 11:38:45,5331,1010,-2919.69,500966
39026145,370 13:44:04,5331,1010,-1684.44,500966
39026145,370 14:19:14,5499,1010,-7366.6,453799
39026145,370 14:27:14,5499,1010,-9095.96,10279297
39026145,371 00:00:00,5499,1110,-516.56,J139821
39026145,371 00:00:00,5499,1110,-6917.42,J139819
39026145,371 08:08:23,4814,1030,-4491.83,90121
39026145,371 12:28:56,5499,1010,-2650.18,10279297
39026145,371 12:30:13,5499,1010,-898.37,10279297
39026145,371 16:52:34,5541,1010,-15990.92,615049
39026145,371 16:52:25,5541,1010,-898.37,615049
39026145,372 00:00:00,5411,1110,-8759.07,77075661
39026145,372 00:00:00,5411,1110,-20325.54,77075661
39026145,372 00:00:00,5411,1110,-9432.85,77075660
39026145,372 00:00:00,5331,1110,-6737.75,J140237
39026145,372 00:00:00,5499,1110,-13879.76,J145391
39026145,372 00:00:00,5411,1110,-9432.85,77075661
39026145,372 00:00:00,5411,1110,-28747.72,77075661
39026145,372 05:15:39,6011,2010,-449183.15,84144
39026145,372 05:16:55,6011,2010,-449183.15,84144
39026145,372 05:17:30,6011,2010,-224591.58,84144
39026145,372 05:24:15,4814,1030,-2245.92,90121
39026145,372 06:12:40,5499,1010,-5356.51,10279297
39026145,372 08:21:33,5331,1010,-561.48,359101
39026145,372 08:45:27,5621,1010,-31442.82,97179
39026145,372 08:48:29,5621,1010,-11229.58,97179
39026145,372 13:28:40,4829,2370,-67377.47,945020
39026145,373 00:00:00,5499,1110,-673.77,J139821
39026145,373 00:00:00,5499,1110,-3323.96,J139821
39026145,373 04:40:09,5499,1010,-7737.18,10279297
39026145,373 06:26:09,5499,1010,-3189.2,10279297
39026145,374 00:00:00,5499,1110,-18315.44,J139819
39026145,375 00:00:00,6012,6110,112295.79,386438
39026145,375 13:24:59,5499,1010,-4300.93,10048613
39026145,375 14:51:21,5499,1010,-6232.42,10279297
39026145,375 15:51:27,5499,1010,-3615.92,58435
39026145,376 11:37:08,4814,1030,-2245.92,90121
39026145,376 12:09:00,6011,2010,-673774.73,84144
39026145,376 12:14:28,5331,1010,-606.4,500966
39026145,376 13:23:20,5499,1010,-6209.96,10279297
39026145,377 00:00:00,5411,1110,-22459.16,77075661
39026145,377 00:00:00,5499,1110,-2605.26,J139821
39026145,377 11:14:26,6011,2010,-11229.58,431498
39026145,377 12:36:28,5541,1010,-15990.92,615049
39026145,377 12:36:31,5541,1010,-898.37,615049
39026145,377 13:26:01,4814,1030,-2245.92,888995
39026145,378 07:32:08,4814,1030,-8983.66,888929
39026145,378 11:25:45,6011,2010,-449183.15,431498
39026145,378 11:26:12,6011,2010,-112295.79,431498
39026145,378 11:55:04,5499,1010,-2582.8,10279297
39026145,379 00:00:00,5411,1110,-9657.44,77075660
39026145,379 06:52:59,5912,1010,-6513.16,454251
39026145,379 06:54:22,5912,1010,-2403.13,454251
39026145,379 09:50:24,5912,1010,-2223.46,96947
39026145,379 09:52:58,5912,1010,-4682.51,96947
39026145,379 11:00:39,5812,1010,-6832.08,733909
39026145,379 11:09:31,5499,1010,-5895.53,10279297
39026145,379 11:12:23,5499,1010,-4244.78,58435
39026145,379 13:53:17,4814,1030,-2245.92,90084
39026145,380 00:00:00,5499,1110,-16446.84,J159193
39026145,380 14:25:40,5541,1010,-12094.26,615049
39026145,381 12:02:05,6011,2010,-5614.79,84144
39026145,381 12:05:00,5331,1010,-3099.36,500966
39026145,381 12:08:06,5331,1010,-2807.39,500966
39026145,381 13:12:09,5499,1010,-2942.15,10279297
39026145,381 13:16:16,5499,1010,-2380.67,10279297
39026145,381 18:25:25,4814,1030,-1122.96,888985
39026145,381 18:28:40,4829,2370,-11229.58,945016
39026145,382 06:37:41,4814,1030,-2245.92,888925
39026145,382 07:21:19,5499,1010,-6490.7,58435
39026145,382 12:53:17,5499,1010,-1864.11,10279297
39026145,382 13:53:51,5499,1010,-2133.62,10276611
39026145,382 14:01:47,5499,1010,-3806.83,10173164
39026145,383 11:43:58,5499,1010,-15990.92,10060600
39026145,384 00:00:00,5411,1110,-16305.35,77075660
39026145,384 07:12:16,5812,1010,-3144.28,733909
39026145,384 07:20:56,5499,1010,-4693.96,453799
39026145,385 11:20:57,4829,2330,-33688.74,90121
39026145,385 11:35:49,5912,1010,-8534.48,454251
39026145,385 14:08:18,5541,1010,-8062.84,615049
39026145,385 14:19:20,5499,1010,-6625.45,10276611
39026145,385 14:20:03,5499,1010,-1594.6,10276611
39026145,386 08:00:21,6011,7010,112295.79,893517
39026145,386 13:28:19,5499,1010,-12370.5,98700
39026145,386 13:30:28,6011,2010,-67377.47,701899
39026145,386 13:39:55,5541,1010,-14310.98,96685
39026145,388 00:00:00,5541,1110,-17024.04,33334186
39026145,389 00:00:00,5499,1110,-3279.04,J139821
39026145,389 07:12:16,5812,1010,-1819.19,733909
39026145,389 07:13:38,5812,1010,-2245.92,733909
39026145,389 12:57:12,4829,2330,-33688.74,90121
39026145,389 15:18:03,5499,1010,-1235.25,58435
39026145,390 06:51:34,5812,1010,-1965.18,733909
39026145,390 06:57:35,5499,1010,-6760.21,10060600
39026145,390 06:58:57,5499,1010,-1235.25,10060600
39026145,391 11:22:30,6011,2010,-20213.24,90121
39026145,392 00:00:00,5331,1110,-2695.1,J140237
39026145,392 00:00:00,5331,1110,-1684.44,J145385
39026145,392 00:00:00,5331,1110,-17068.96,J140237
39026145,392 13:36:16,5499,1010,-3571.01,10279297
39026145,393 00:00:00,5499,1110,-1886.57,J139821
39026145,393 00:00:00,5499,1110,-5030.85,J158268
39026145,393 00:00:00,5499,1110,-2762.48,J139821
39026145,393 07:20:20,5541,1010,-16305.35,615049
39026145,393 07:21:16,5541,1010,-381.81,615049
39026145,393 13:11:31,4814,1030,-2245.92,90121
39026145,393 13:12:58,4829,2330,-44918.32,90121
39026145,394 00:00:00,5499,1110,-15603.95,J159193
39026145,394 05:45:16,5499,1010,-7411.52,10279297
39026145,394 08:09:23,4814,1030,-2245.92,888921
39026145,394 12:43:15,5499,1010,-1639.52,10279297
39026145,395 00:00:00,5331,1110,-8759.07,J140237
39026145,396 12:49:42,5499,1010,-3997.73,10060600
39026145,397 00:00:00,5499,1110,-1392.47,J139821
39026145,397 06:57:21,5541,1010,-16305.35,615049
39026145,397 06:58:52,5541,1010,-381.81,615049
39026145,397 11:33:33,6010,7070,44918.32,945019
39026145,399 06:08:45,4814,1030,-2245.92,90121
39026145,399 06:09:34,6011,2010,-22459.16,90121
39026145,399 06:25:01,5499,1010,-12127.95,10279297
39026145,400 06:37:42,5499,1010,-6535.61,10279297
39026145,403 05:56:28,4814,1030,-2245.92,888926
39026145,408 17:24:40,4814,1030,-1122.96,888994
39026145,410 12:59:30,4814,1030,-2245.92,90121
39026145,410 13:11:46,5499,1010,-5277.9,10279297
39026145,410 13:11:49,5499,1010,-67.38,10279297
39026145,412 00:00:00,5541,1110,-16305.35,33334096
39026145,412 00:00:00,5499,1110,-14688.29,J139821
39026145,412 07:03:49,6011,2010,-381805.68,90121
39026145,412 09:13:52,5912,1010,-2156.08,454251
39026145,412 13:00:35,5499,1010,-5524.95,10279297
39026145,412 15:55:31,5499,1010,-3177.97,58435
39026145,413 00:00:00,5331,1110,-16395.19,J140237
39026145,413 00:00:00,5499,1110,-5300.36,J139821
39026145,413 00:00:00,5499,1110,-4806.26,J139821
39026145,413 07:11:02,5499,1010,-1841.65,58435
39026145,413 11:11:32,4814,1030,-2245.92,90121
39026145,413 11:13:36,6011,2010,-112295.79,90121
39026145,413 15:12:14,5499,1010,-8691.69,10048613
39026145,414 12:35:46,5499,1010,-696.23,10279297
39026145,414 12:35:50,5499,1010,-359.35,10279297
39026145,416 04:16:24,4829,2330,-44918.32,90121
39026145,416 04:18:32,4814,1030,-2245.92,90121
39026145,416 05:48:32,6011,2010,-78607.05,10407474
39026145,417 00:00:00,5499,1110,-4401.99,J139821
39026145,417 00:00:00,5499,1110,-2695.1,J139821
39026145,417 00:00:00,5499,1110,-4536.75,J139821
39026145,417 00:00:00,5499,1110,-6670.37,J139821
39026145,417 11:40:50,5912,1010,-6827.58,454251
39026145,417 11:42:03,5912,1010,-741.15,454251
39026145,417 12:09:44,5912,1010,-1914.64,96947
39026145,417 13:08:13,5499,1010,-3975.27,10279297
39026145,417 13:09:29,5499,1010,-830.99,10279297
39026145,417 16:36:56,4814,1030,-7860.71,888928
39026145,418 00:00:00,5499,1110,-3795.6,J158268
39026145,418 03:49:58,5812,1010,-1392.47,733909
39026145,418 03:59:13,5541,1010,-12992.62,615049
39026145,419 07:00:05,5912,1010,-1805.72,454251
39026145,419 07:15:11,5812,1010,-4918.56,733909
39026145,419 12:28:12,5499,1010,-4110.03,10279297
39026145,419 13:47:37,4814,1030,-2245.92,90121
39026145,419 14:26:04,5499,1010,-4660.28,10279297
39026145,420 00:00:00,5499,1110,-516.56,J139821
39026145,420 00:00:00,5331,1110,-8759.07,J140239
39026145,420 07:15:59,5499,1010,-2492.97,58435
39026145,420 11:22:45,5912,1010,-11088.09,404668
39026145,421 00:00:00,6012,6110,67377.47,386453
39026145,422 08:02:08,5499,1010,-8680.46,10279297
39026145,422 08:03:39,5499,1010,-1190.34,10279297
39026145,422 10:54:35,5541,1010,-16305.35,615049
39026145,422 10:55:22,5541,1010,-1302.63,615049
39026145,422 11:05:44,6011,2010,-112295.79,90121
39026145,422 11:19:09,5331,1010,-6894.96,500966
39026145,422 15:54:06,5499,1010,-12234.63,453796
39026145,423 00:00:00,5499,1110,-5614.79,J139821
39026145,423 03:16:27,6011,2010,-13475.49,90121
39026145,423 11:55:43,5499,1010,-10043.29,453796
39026145,423 12:04:60,5331,1010,-1122.96,500966
39026145,423 12:06:35,5331,1010,-561.48,500966
39026145,423 12:25:54,4829,2330,-33688.74,90121
39026145,423 15:33:49,5499,1010,-3773.14,58435
39026145,424 07:13:19,5499,1010,-8759.07,58435
39026145,424 09:16:51,6011,2010,-8983.66,431498
39026145,424 09:32:22,5912,1010,-202.13,404668
39026145,425 04:51:21,4814,1030,-2245.92,888925
39026145,425 07:04:09,5499,1010,-8781.53,58435
39026145,425 11:44:38,5912,1010,-9275.63,454251
39026145,425 13:35:11,5499,1010,-4303.17,58435
39026145,426 07:16:38,6011,2010,-67377.47,90121
39026145,426 10:59:42,5912,1010,-3750.68,404668
39026145,426 11:37:29,4829,2330,-33688.74,90121
39026145,426 11:45:01,5331,1010,-4020.19,500966
39026145,426 18:17:16,4814,1030,-1122.96,888926
39026145,426 18:21:42,4829,2370,-67377.47,945022
39026145,427 07:03:29,5499,1010,-6299.79,10279297